<?xml version="1.0" encoding="utf-8"?>
<feed xmlns="http://www.w3.org/2005/Atom">
    <title>Dekoratif LED Aydınlatma</title>
    <link href="https://www.led.gen.tr/feed.xml" rel="self" />
    <link href="https://www.led.gen.tr" />
    <updated>2022-10-15T21:39:02+03:00</updated>
    <author>
        <name>Admin</name>
    </author>
    <id>https://www.led.gen.tr</id>

    <entry>
        <title>Dekoratif Aydınlatmada LED Lambaların Önemi</title>
        <author>
            <name>Admin</name>
        </author>
        <link href="https://www.led.gen.tr/dekoratif-aydinlatmada-led-lambalar/"/>
        <id>https://www.led.gen.tr/dekoratif-aydinlatmada-led-lambalar/</id>

        <updated>2022-10-15T21:39:02+03:00</updated>
            <summary>
                <![CDATA[
                        <img src="https://www.led.gen.tr/media/posts/1/dekoratif-led-aydinlatma-yatak-odasi-3.jpg" alt="Sarı renkli tavan LED aydınlatma uygulanmış yatak odası" />
                    İnsanoğlu eski çağlardan beri yaşadığı yeri çeşitli yöntemlerle (duvar boyaları, resimler, tablolar, biblo vb. dekor eşyaları, mumlar, kandiller gibi) düzenlemiş ve süslemiştir. Özellikle aydınlatma alanında, elektriğin kullanıma başlanması ile hızlı bir şekilde elektrikli aydınlatma ve süsleme eşyaları ev dekorasyonunda yer edinmiştir. Günümüzde çeşitli elektrikli aydınlatma&hellip;
                ]]>
            </summary>
        <content type="html">
            <![CDATA[
                    <img src="https://www.led.gen.tr/media/posts/1/dekoratif-led-aydinlatma-yatak-odasi-3.jpg" alt="Sarı renkli tavan LED aydınlatma uygulanmış yatak odası" />
                <p>İnsanoğlu eski çağlardan beri yaşadığı yeri çeşitli yöntemlerle (duvar boyaları, resimler, tablolar, biblo vb. dekor eşyaları, mumlar, kandiller gibi) düzenlemiş ve süslemiştir. Özellikle aydınlatma alanında, elektriğin kullanıma başlanması ile hızlı bir şekilde elektrikli aydınlatma ve süsleme eşyaları ev dekorasyonunda yer edinmiştir.</p>
<p>Günümüzde çeşitli elektrikli aydınlatma çözümleri evlerimizde ve diğer kapalı alanlarda kullanılmaktadır. Dekoratif aydınlatma çözümlerinden LED aydınlatmanın çeşitli özellikleri ve avantajları şunlardır:</p>
<h2>1 - LED Lambalar Verimlidir</h2>
<p>LED lambalar, tükettiği elektrik enerjisini en verimli şekilde ışığa dönüştüren teknolojilerden biridir. Diğer bir deyiş ile LED aydınlatma çözümleri elektrik faturanıza en az etki eden aydınlatma çözümüdür. </p>
<p>LED lambaların diğer lamba çeşitleri ile kıyaslandığı, elektrik tüketim ve aydınlatma gücü değerleri hakkında daha detaylı bilgi için şu Vikipedi sayfasını inceleyebilirsiniz:<br><a href="https://en.wikipedia.org/wiki/LED_lamp#Comparison_with_other_lighting_technologies">https://en.wikipedia.org/wiki/LED_lamp#Comparison_with_other_lighting_technologies</a></p>
<h2>2 - LED Lambalar İstenen Her Renkte Işık Verebilir</h2>
<p>Dekoratif uygulamalarda çeşitli renklerde ışık verebilen aydınlatma kaynağı, uygulamaya büyük bir esneklik kazandırmaktadır. Bu konuda da LED lambalar diğer lambalardan önemli derecede avantajlıdır. LED lambalar ile istenen her renkte ışık elde edilebilir, kendi kendine değişen rengarenk bir aydınlatma ya da kumanda ile kontrol edilen renk ayarı gibi yapılandırmalar mümkündür.</p>
<h2>3 - Geniş Uygulama İmkanları</h2>
<p>LED lambalar küçük ve esnek yapıda üretilebildikleri için geleneksel lambalardan çok daha çeşitli uygulama imkânı vardır.</p>
<ul>
<li>Tavan aydınlatma uygulamaları,</li>
<li>Mutfak tezgah ve dolapları,</li>
<li>Kıyafet dolapları,</li>
<li>Masa kenarları ve masa altı aydınlatması,</li>
<li>Göz almayan ve hoş görünen gizli aydınlatma uygulamaları gibi dekoratif amaçlarla kullanıma uygundur.</li>
</ul>
<figure class="post__image"><img loading="lazy"  src="https://www.led.gen.tr/media/posts/1/dekoratif-led-aydinlatma-yatak-odasi-1.jpg" sizes="100vw" srcset="https://www.led.gen.tr/media/posts/1/responsive/dekoratif-led-aydinlatma-yatak-odasi-1-xs.jpg 300w ,https://www.led.gen.tr/media/posts/1/responsive/dekoratif-led-aydinlatma-yatak-odasi-1-sm.jpg 480w ,https://www.led.gen.tr/media/posts/1/responsive/dekoratif-led-aydinlatma-yatak-odasi-1-md.jpg 768w ,https://www.led.gen.tr/media/posts/1/responsive/dekoratif-led-aydinlatma-yatak-odasi-1-lg.jpg 1024w ,https://www.led.gen.tr/media/posts/1/responsive/dekoratif-led-aydinlatma-yatak-odasi-1-xl.jpg 1360w ,https://www.led.gen.tr/media/posts/1/responsive/dekoratif-led-aydinlatma-yatak-odasi-1-2xl.jpg 1600w"  alt="" width="1920" height="1282"></figure>
            ]]>
        </content>
    </entry>
</feed>
